WADMKK,WADMKC,WADMKD,ada_permukiman_kumuh,jumlah_bangunan_permukiman_kumuh,jumlah_korban_bencana_2023,jumlah_sd_negeri,jumlah_sd_swasta,jumlah_mi_negeri,jumlah_mi_swasta,jumlah_rumah_sakit,jumlah_puskesmas_rawat_inap,jumlah_puskesmas_tanpa_rawat_inap,ruang_terbuka_hijau,ruang_terbuka_non_hijau,gotong_royong_umum,gotong_royong_musibah,jalan_darat_dilalui_roda4,ada_angkutan_umum,jumlah_perkelahian_kelompok,jumlah_perkelahian_suku
KEPULAUAN SERIBU,KEPULAUAN SERIBU SELATAN,PULAU TIDUNG,2,0,0,4,0,1,0,0,1,0,1,1,1,1,0,1,0,0
KEPULAUAN SERIBU,KEPULAUAN SERIBU SELATAN,PULAU PARI,1,33,0,2,0,0,0,0,0,0,1,1,1,1,0,1,0,0
KEPULAUAN SERIBU,KEPULAUAN SERIBU SELATAN,PULAU UNTUNG JAWA,2,0,0,1,0,0,1,0,0,0,1,1,1,1,0,1,0,0
KEPULAUAN SERIBU,KEPULAUAN SERIBU UTARA,PULAU PANGGANG,2,0,15,3,0,1,0,1,0,0,1,1,1,1,0,1,0,0
KEPULAUAN SERIBU,KEPULAUAN SERIBU UTARA,PULAU KELAPA,2,0,0,2,0,1,0,0,1,0,1,1,1,1,4,1,0,0
KEPULAUAN SERIBU,KEPULAUAN SERIBU UTARA,PULAU HARAPAN,2,0,0,2,0,0,0,0,0,0,1,1,2,2,1,1,0,0
JAKARTA SELATAN,JAGAKARSA,CIPEDAK,2,0,0,3,6,0,2,1,0,0,1,1,1,1,4,1,0,0
JAKARTA SELATAN,JAGAKARSA,SRENGSENG SAWAH,1,1205,0,7,5,2,2,1,0,0,1,1,1,1,1,1,0,0
JAKARTA SELATAN,JAGAKARSA,CIGANJUR,2,0,0,3,5,0,3,1,0,0,1,1,1,1,1,1,0,0
JAKARTA SELATAN,JAGAKARSA,JAGAKARSA,2,0,0,13,9,1,2,2,0,1,1,1,1,1,1,1,0,0
JAKARTA SELATAN,JAGAKARSA,LENTENG AGUNG,2,0,0,7,5,0,6,0,0,0,1,2,1,1,1,1,0,0
JAKARTA SELATAN,JAGAKARSA,TANJUNG BARAT,2,0,0,6,3,0,3,0,0,0,1,2,2,1,1,3,0,0
JAKARTA SELATAN,PASAR MINGGU,CILANDAK TIMUR,2,0,600,3,4,0,2,1,0,0,1,2,1,1,1,1,0,0
JAKARTA SELATAN,PASAR MINGGU,RAGUNAN,2,0,24,7,1,0,3,2,0,0,1,2,1,1,1,1,0,0
JAKARTA SELATAN,PASAR MINGGU,KEBAGUSAN,1,36,7,4,5,0,3,0,0,1,1,2,1,1,1,1,0,0
JAKARTA SELATAN,PASAR MINGGU,PASAR MINGGU,1,303,0,4,7,0,4,1,0,0,1,1,1,1,1,1,0,0
JAKARTA SELATAN,PASAR MINGGU,JATI PADANG,2,0,600,2,3,0,4,0,0,0,1,1,1,1,1,1,0,0
JAKARTA SELATAN,PASAR MINGGU,PEJATEN BARAT,1,69,0,6,0,0,3,1,0,0,1,2,1,1,1,1,0,0
JAKARTA SELATAN,PASAR MINGGU,PEJATEN TIMUR,2,0,1,8,2,0,5,0,0,0,1,2,1,1,1,1,0,0
JAKARTA SELATAN,CILANDAK,LEBAK BULUS,2,0,0,5,8,0,2,1,0,0,1,1,1,1,1,1,0,0
JAKARTA SELATAN,CILANDAK,PONDOK LABU,2,0,0,9,3,0,2,1,0,0,1,2,1,1,1,1,0,0
JAKARTA SELATAN,CILANDAK,CILANDAK BARAT,2,0,0,8,2,0,2,3,0,1,1,2,1,1,1,1,0,0
JAKARTA SELATAN,CILANDAK,GANDARIA SELATAN,1,2109,0,2,2,0,1,0,0,0,1,1,1,1,1,1,0,0
JAKARTA SELATAN,CILANDAK,CIPETE SELATAN,2,0,0,3,1,0,1,0,0,0,1,1,1,1,1,1,0,0
JAKARTA SELATAN,PESANGGRAHAN,BINTARO,2,0,175,10,3,0,3,2,0,0,1,1,1,1,1,1,0,0
JAKARTA SELATAN,PESANGGRAHAN,PESANGGRAHAN,2,0,0,5,3,0,1,1,0,1,1,2,1,1,1,1,0,0
JAKARTA SELATAN,PESANGGRAHAN,ULUJAMI,2,0,145,4,3,1,8,1,0,0,1,2,1,1,1,1,0,0
JAKARTA SELATAN,PESANGGRAHAN,PETUKANGAN SELATAN,2,0,300,4,3,1,2,1,0,0,1,2,1,1,1,1,0,0
JAKARTA SELATAN,PESANGGRAHAN,PETUKANGAN UTARA,2,0,0,8,3,0,3,0,0,0,1,2,1,1,1,1,0,0
JAKARTA SELATAN,KEBAYORAN LAMA,PONDOK PINANG,2,0,1,4,7,1,5,2,0,0,1,1,2,1,1,1,0,0
JAKARTA SELATAN,KEBAYORAN LAMA,KEBAYORAN LAMA SELATAN,1,76,0,9,2,0,3,2,0,1,2,1,1,1,1,1,0,0
JAKARTA SELATAN,KEBAYORAN LAMA,KEBAYORAN LAMA UTARA,1,120,15,6,2,0,1,0,0,0,1,1,1,1,1,1,0,0
JAKARTA SELATAN,KEBAYORAN LAMA,CIPULIR,1,50,38,5,2,0,2,1,0,0,1,2,2,2,1,1,0,0
JAKARTA SELATAN,KEBAYORAN LAMA,GROGOL SELATAN,1,150,0,6,4,0,2,0,0,0,1,2,1,1,1,1,0,0
JAKARTA SELATAN,KEBAYORAN LAMA,GROGOL UTARA,2,0,30,6,6,0,1,0,0,0,1,2,1,1,1,1,1,0
JAKARTA SELATAN,KEBAYORAN BARU,GANDARIA UTARA,1,200,0,4,3,0,1,0,0,0,1,2,2,2,1,1,0,0
JAKARTA SELATAN,KEBAYORAN BARU,CIPETE UTARA,1,180,0,5,3,0,0,1,0,0,1,2,1,1,1,1,0,0
JAKARTA SELATAN,KEBAYORAN BARU,PULO,2,0,0,2,1,0,0,1,0,0,1,2,1,2,1,1,0,0
JAKARTA SELATAN,KEBAYORAN BARU,PETOGOGAN,1,100,0,0,2,0,1,1,0,0,0,0,1,1,1,1,0,0
JAKARTA SELATAN,KEBAYORAN BARU,MELAWAI,2,0,0,0,1,0,0,0,0,1,1,2,1,1,1,1,0,0
JAKARTA SELATAN,KEBAYORAN BARU,KRAMAT PELA,2,0,0,3,3,0,0,2,0,0,1,2,1,1,1,1,0,0
JAKARTA SELATAN,KEBAYORAN BARU,GUNUNG,2,0,0,2,0,0,0,1,0,0,2,1,1,1,1,1,0,0
JAKARTA SELATAN,KEBAYORAN BARU,SELONG,2,0,0,1,2,0,0,0,0,0,1,2,1,1,1,1,0,0
JAKARTA SELATAN,KEBAYORAN BARU,RAWA BARAT,2,0,0,2,1,0,1,2,0,0,1,2,1,2,1,1,0,0
JAKARTA SELATAN,KEBAYORAN BARU,SENAYAN,2,0,0,0,0,0,0,0,0,0,1,2,1,1,1,1,0,0
JAKARTA SELATAN,MAMPANG PRAPATAN,BANGKA,1,615,0,4,6,0,4,0,0,0,1,2,1,1,1,1,0,0
JAKARTA SELATAN,MAMPANG PRAPATAN,PELA MAMPANG,1,196,0,9,6,0,4,0,0,1,1,2,1,1,1,1,1,0
JAKARTA SELATAN,MAMPANG PRAPATAN,TEGAL PARANG,1,100,0,4,0,0,3,0,0,0,2,1,2,1,1,1,0,0
JAKARTA SELATAN,MAMPANG PRAPATAN,MAMPANG PRAPATAN,2,0,0,4,1,0,2,1,0,0,1,2,1,1,1,1,0,0
JAKARTA SELATAN,MAMPANG PRAPATAN,KUNINGAN BARAT,1,1497,1500,1,0,0,2,0,0,0,2,1,1,1,1,1,0,0
JAKARTA SELATAN,PANCORAN,KALIBATA,2,0,0,5,1,0,5,1,0,0,1,1,2,1,1,1,0,0
JAKARTA SELATAN,PANCORAN,RAWA JATI,2,0,0,6,2,0,0,0,0,0,1,1,1,2,1,1,1,0
JAKARTA SELATAN,PANCORAN,DUREN TIGA,2,0,0,6,3,0,1,2,0,1,1,2,1,1,1,1,0,0
JAKARTA SELATAN,PANCORAN,PANCORAN,2,0,0,3,1,0,4,1,0,0,1,1,2,1,1,1,0,0
JAKARTA SELATAN,PANCORAN,PENGADEGAN,2,0,0,4,0,0,0,0,0,0,1,1,1,1,1,1,0,0
JAKARTA SELATAN,PANCORAN,CIKOKO,2,0,0,2,0,0,4,0,0,0,1,2,1,2,1,1,0,0
JAKARTA SELATAN,TEBET,MENTENG DALAM,2,0,0,4,3,0,5,0,0,0,1,1,2,2,1,1,0,0
JAKARTA SELATAN,TEBET,TEBET BARAT,2,0,0,4,5,0,1,3,0,1,1,2,1,1,1,1,1,0
JAKARTA SELATAN,TEBET,TEBET TIMUR,2,0,0,5,1,0,2,0,0,1,1,1,2,2,1,1,0,0
JAKARTA SELATAN,TEBET,KEBON BARU,2,0,0,5,0,0,4,0,0,0,1,2,1,1,1,1,0,0
JAKARTA SELATAN,TEBET,BUKIT DURI,2,0,0,3,3,0,2,0,0,0,0,0,1,1,1,1,0,0
JAKARTA SELATAN,TEBET,MANGGARAI SELATAN,2,0,0,2,1,0,1,0,0,0,0,0,2,2,1,1,0,0
JAKARTA SELATAN,TEBET,MANGGARAI,2,0,0,4,0,0,1,0,0,0,1,2,1,1,1,1,2,0
JAKARTA SELATAN,SETIA BUDI,KARET SEMANGGI,1,10,0,0,0,0,0,3,0,0,0,0,1,1,1,1,0,0
JAKARTA SELATAN,SETIA BUDI,KUNINGAN TIMUR,1,10,0,1,2,0,3,1,0,0,1,2,1,1,1,1,0,0
JAKARTA SELATAN,SETIA BUDI,KARET KUNINGAN,1,15,0,1,1,0,2,2,0,0,1,1,1,2,1,1,0,0
JAKARTA SELATAN,SETIA BUDI,KARET,2,0,0,2,1,0,0,0,0,0,0,0,1,1,1,1,0,0
JAKARTA SELATAN,SETIA BUDI,MENTENG ATAS,2,0,0,6,1,0,0,0,0,0,1,1,1,1,1,1,0,0
JAKARTA SELATAN,SETIA BUDI,PASAR MANGGIS,1,1260,0,2,2,0,1,1,0,0,0,0,1,1,1,1,0,0
JAKARTA SELATAN,SETIA BUDI,GUNTUR,1,34,0,2,1,0,0,2,0,0,1,1,2,2,1,1,0,0
JAKARTA SELATAN,SETIA BUDI,SETIA BUDI,2,0,0,1,3,0,0,0,0,0,1,2,2,2,1,1,0,0
JAKARTA TIMUR,PASAR REBO,PEKAYON,1,76,0,11,1,0,1,0,0,1,1,1,1,1,1,1,0,0
JAKARTA TIMUR,PASAR REBO,KALISARI,2,0,0,5,4,1,3,0,0,0,1,2,1,1,1,1,0,0
JAKARTA TIMUR,PASAR REBO,BARU,2,0,150,8,0,1,1,0,0,0,0,0,2,2,1,1,0,0
JAKARTA TIMUR,PASAR REBO,CIJANTUNG,1,305,0,6,5,0,5,0,0,0,1,2,1,1,1,1,0,0
JAKARTA TIMUR,PASAR REBO,GEDONG,1,135,0,7,1,0,1,2,0,0,1,2,2,2,1,1,0,0
JAKARTA TIMUR,CIRACAS,CIBUBUR,2,0,0,7,3,0,1,3,0,0,1,1,1,1,1,1,0,0
JAKARTA TIMUR,CIRACAS,KELAPA DUA WETAN,2,0,40,5,0,0,7,0,0,0,1,2,1,1,1,1,0,0
JAKARTA TIMUR,CIRACAS,CIRACAS,2,0,0,11,4,0,0,0,0,0,1,1,1,2,1,1,0,0
JAKARTA TIMUR,CIRACAS,SUSUKAN,2,0,0,7,1,0,0,1,0,1,1,1,1,1,1,1,0,0
JAKARTA TIMUR,CIRACAS,RAMBUTAN,2,0,250,5,1,0,1,1,0,0,1,1,1,1,1,1,0,0
JAKARTA TIMUR,CIPAYUNG,PONDOK RANGGON,2,0,0,4,0,0,1,0,0,0,1,1,1,1,1,1,0,0
JAKARTA TIMUR,CIPAYUNG,CILANGKAP,2,0,0,2,3,0,2,0,0,0,1,2,1,1,1,1,0,0
JAKARTA TIMUR,CIPAYUNG,MUNJUL,2,0,0,1,2,0,0,0,0,0,0,0,1,1,1,1,0,0
JAKARTA TIMUR,CIPAYUNG,CIPAYUNG,2,0,0,5,5,1,0,0,0,1,1,2,1,1,1,1,0,0
JAKARTA TIMUR,CIPAYUNG,SETU,2,0,37,2,1,0,0,0,0,0,1,2,1,1,1,1,0,0
JAKARTA TIMUR,CIPAYUNG,BAMBU APUS,2,0,0,3,1,0,0,1,0,0,1,2,1,1,1,1,0,0
JAKARTA TIMUR,CIPAYUNG,CEGER,2,0,0,2,1,0,2,1,0,0,1,1,1,1,1,1,0,0
JAKARTA TIMUR,CIPAYUNG,LUBANG BUAYA,2,0,0,10,4,0,3,0,0,0,1,1,1,1,1,1,0,0
JAKARTA TIMUR,MAKASAR,PINANG RANTI,1,15,0,7,0,0,0,2,0,0,1,2,1,2,1,1,0,0
JAKARTA TIMUR,MAKASAR,MAKASAR,1,1148,0,7,0,0,3,0,0,1,0,0,1,1,1,1,0,0
JAKARTA TIMUR,MAKASAR,KEBON PALA,1,743,0,12,2,0,2,0,0,0,1,1,1,1,1,1,1,0
JAKARTA TIMUR,MAKASAR,HALIM PERDANA KUSUMAH,2,0,0,1,8,0,0,2,0,0,1,2,2,2,1,1,0,0
JAKARTA TIMUR,MAKASAR,CIPINANG MELAYU,1,3,875,7,5,0,0,1,0,0,1,1,1,1,1,1,0,0
JAKARTA TIMUR,KRAMAT JATI,BALE KAMBANG,1,250,0,2,3,0,1,0,0,0,0,0,1,1,1,1,0,0
JAKARTA TIMUR,KRAMAT JATI,BATU AMPAR,2,0,0,11,1,0,1,0,0,0,1,1,2,2,1,1,0,0
JAKARTA TIMUR,KRAMAT JATI,KAMPUNG TENGAH,1,154,0,6,2,1,1,1,0,0,1,2,1,1,1,1,0,0
JAKARTA TIMUR,KRAMAT JATI,DUKUH,2,0,40,5,0,0,1,0,0,0,0,0,1,1,1,1,0,0
JAKARTA TIMUR,KRAMAT JATI,KRAMAT JATI,2,0,0,10,1,0,1,2,0,1,0,0,1,1,1,1,0,0
JAKARTA TIMUR,KRAMAT JATI,CILILITAN,1,40,40,2,1,0,1,0,0,0,1,1,1,1,1,1,0,0
JAKARTA TIMUR,KRAMAT JATI,CAWANG,1,40,300,5,3,0,3,3,0,0,0,0,1,1,1,1,0,0
JAKARTA TIMUR,JATINEGARA,BIDARA CINA,2,0,500,3,5,0,3,0,0,0,1,2,1,1,1,1,1,0
JAKARTA TIMUR,JATINEGARA,CIPINANG CEMPEDAK,1,80,0,6,3,0,4,0,0,0,1,2,1,1,1,1,0,0
JAKARTA TIMUR,JATINEGARA,CIPINANG BESAR SELATAN,1,50,0,14,3,0,2,0,0,0,1,1,1,1,1,1,0,0
JAKARTA TIMUR,JATINEGARA,CIPINANG MUARA,2,0,579,15,1,0,2,0,0,0,0,0,1,2,1,1,0,0
JAKARTA TIMUR,JATINEGARA,CIPINANG BESAR UTARA,2,0,0,7,3,0,1,1,0,0,1,1,1,1,1,1,1,0
JAKARTA TIMUR,JATINEGARA,RAWA BUNGA,1,1458,0,3,0,0,1,0,0,0,2,1,1,1,1,1,0,0
JAKARTA TIMUR,JATINEGARA,BALI MESTER,2,0,0,3,3,0,0,1,0,1,1,2,1,1,1,1,0,0
JAKARTA TIMUR,JATINEGARA,KAMPUNG MELAYU,1,553,811,2,4,0,0,1,0,0,1,2,1,1,1,1,0,0
JAKARTA TIMUR,DUREN SAWIT,PONDOK BAMBU,2,0,0,10,9,0,0,3,0,0,1,2,1,1,1,1,0,0
JAKARTA TIMUR,DUREN SAWIT,DUREN SAWIT,2,0,3,12,9,1,4,1,0,1,1,1,1,1,1,1,0,0
JAKARTA TIMUR,DUREN SAWIT,PONDOK KELAPA,2,0,0,8,11,0,4,1,0,0,1,2,1,1,1,1,0,0
JAKARTA TIMUR,DUREN SAWIT,PONDOK KOPI,2,0,30,6,6,0,2,1,0,0,1,1,1,1,1,1,0,0
JAKARTA TIMUR,DUREN SAWIT,MALAKA JAYA,2,0,0,10,2,0,0,1,0,0,1,1,1,1,1,1,0,0
JAKARTA TIMUR,DUREN SAWIT,MALAKA SARI,2,0,0,3,1,0,0,0,0,0,1,1,1,1,1,1,0,0
JAKARTA TIMUR,DUREN SAWIT,KLENDER,1,9383,0,11,3,0,5,0,0,0,1,2,1,1,1,1,0,0
JAKARTA TIMUR,CAKUNG,JATINEGARA,1,100,0,11,3,0,8,1,0,1,1,2,1,1,1,1,0,0
JAKARTA TIMUR,CAKUNG,PENGGILINGAN,1,100,0,3,2,0,1,1,0,0,1,2,1,1,1,1,0,0
JAKARTA TIMUR,CAKUNG,PULO GEBANG,2,0,0,6,1,2,6,0,0,0,1,2,1,1,1,1,0,0
JAKARTA TIMUR,CAKUNG,UJUNG MENTENG,2,0,0,6,4,0,2,0,0,0,1,2,1,1,1,1,0,0
JAKARTA TIMUR,CAKUNG,CAKUNG TIMUR,1,481,0,8,3,0,7,0,0,0,1,1,1,1,1,1,0,0
JAKARTA TIMUR,CAKUNG,CAKUNG BARAT,1,98,0,12,2,0,3,0,0,0,1,2,1,1,1,1,0,0
JAKARTA TIMUR,CAKUNG,RAWA TERATE,1,3727,20,1,0,0,1,0,0,0,2,1,1,1,1,1,0,0
JAKARTA TIMUR,PULO GADUNG,PISANGAN TIMUR,2,0,0,6,2,0,1,1,0,0,0,0,1,1,1,1,0,0
JAKARTA TIMUR,PULO GADUNG,CIPINANG,1,15,0,3,6,0,0,0,0,0,1,2,1,1,1,1,1,1
JAKARTA TIMUR,PULO GADUNG,JATINEGARA KAUM,2,0,0,8,0,0,0,1,0,0,1,1,2,1,1,1,0,0
JAKARTA TIMUR,PULO GADUNG,JATI,2,0,0,5,4,0,1,0,0,0,1,2,1,2,1,1,0,0
JAKARTA TIMUR,PULO GADUNG,RAWAMANGUN,2,0,0,6,9,0,1,2,0,0,1,2,1,1,1,1,0,0
JAKARTA TIMUR,PULO GADUNG,KAYU PUTIH,1,968,0,4,8,0,2,5,0,0,1,2,1,1,1,1,0,0
JAKARTA TIMUR,PULO GADUNG,PULO GADUNG,1,50,0,5,0,0,2,1,0,1,1,1,2,2,1,1,0,0
JAKARTA TIMUR,MATRAMAN,KEBON MANGGIS,1,25,0,4,3,0,0,0,0,0,1,1,1,1,1,1,0,0
JAKARTA TIMUR,MATRAMAN,PAL MERIAM,2,0,0,3,3,0,1,1,0,0,0,0,1,2,1,1,0,0
JAKARTA TIMUR,MATRAMAN,PISANGAN BARU,2,0,0,7,0,0,0,0,0,1,0,0,1,1,1,1,1,0
JAKARTA TIMUR,MATRAMAN,KAYU MANIS,1,11,0,4,1,0,0,0,0,0,0,0,1,1,1,1,0,0
JAKARTA TIMUR,MATRAMAN,UTAN KAYU SELATAN,2,0,0,18,2,0,0,1,0,0,2,1,1,1,1,1,0,0
JAKARTA TIMUR,MATRAMAN,UTAN KAYU UTARA,2,0,0,4,4,0,0,0,0,0,1,1,2,2,1,1,0,0
JAKARTA PUSAT,TANAH ABANG,GELORA,2,0,0,0,0,0,0,0,0,0,1,2,1,1,1,1,0,0
JAKARTA PUSAT,TANAH ABANG,BENDUNGAN HILIR,1,400,0,4,3,0,1,1,1,0,1,1,2,2,1,1,0,0
JAKARTA PUSAT,TANAH ABANG,KARET TENGSIN,1,25,0,3,1,0,0,1,0,0,1,1,1,1,1,1,0,0
JAKARTA PUSAT,TANAH ABANG,KEBON MELATI,1,150,0,1,2,0,2,0,0,0,1,2,1,1,1,1,0,0
JAKARTA PUSAT,TANAH ABANG,PETAMBURAN,1,40,0,4,1,0,0,0,0,0,1,1,1,1,1,1,0,0
JAKARTA PUSAT,TANAH ABANG,KEBON KACANG,1,200,0,2,1,0,1,1,0,0,2,1,1,1,1,1,0,0
JAKARTA PUSAT,TANAH ABANG,KAMPUNG BALI,1,20,0,3,0,0,0,0,0,0,1,2,1,1,1,1,0,0
JAKARTA PUSAT,MENTENG,MENTENG,1,200,0,3,4,0,2,2,0,0,1,2,1,1,1,1,0,0
JAKARTA PUSAT,MENTENG,PEGANGSAAN,1,1079,0,1,4,0,0,2,0,0,1,2,1,1,1,1,1,0
JAKARTA PUSAT,MENTENG,CIKINI,2,0,0,2,1,0,0,1,0,0,1,2,1,1,1,1,0,0
JAKARTA PUSAT,MENTENG,GONDANGDIA,2,0,0,3,3,0,0,3,0,0,1,2,2,2,1,1,0,0
JAKARTA PUSAT,MENTENG,KEBON SIRIH,1,136,0,1,0,0,0,1,0,0,1,2,1,1,1,1,0,0
JAKARTA PUSAT,SENEN,KENARI,2,0,0,5,3,0,0,3,0,1,1,1,2,2,1,1,0,0
JAKARTA PUSAT,SENEN,PASEBAN,1,400,0,8,2,0,0,3,0,0,1,2,1,1,1,1,0,0
JAKARTA PUSAT,SENEN,KRAMAT,1,1104,0,7,4,0,0,0,0,0,1,2,2,1,1,1,1,0
JAKARTA PUSAT,SENEN,KWITANG,1,102,103,2,0,0,1,0,0,0,1,2,1,1,1,1,1,0
JAKARTA PUSAT,SENEN,SENEN,1,200,0,1,0,0,0,1,0,0,1,1,1,1,1,1,0,0
JAKARTA PUSAT,SENEN,BUNGUR,1,51,0,2,2,0,1,0,0,0,1,2,1,1,1,1,0,0
JAKARTA PUSAT,JOHAR BARU,JOHAR BARU,1,30,0,10,1,1,0,0,1,1,1,2,1,1,1,1,1,0
JAKARTA PUSAT,JOHAR BARU,KAMPUNG RAWA,1,100,0,2,0,0,0,0,0,0,1,2,1,1,1,1,2,0
JAKARTA PUSAT,JOHAR BARU,TANAH TINGGI,1,4202,0,9,3,0,0,1,0,0,1,1,1,1,1,1,0,0
JAKARTA PUSAT,JOHAR BARU,GALUR,1,1348,0,2,0,0,0,0,0,0,1,1,1,1,1,1,0,0
JAKARTA PUSAT,CEMPAKA PUTIH,RAWASARI,2,0,0,4,2,0,0,1,0,1,1,2,1,1,1,1,0,0
JAKARTA PUSAT,CEMPAKA PUTIH,CEMPAKA PUTIH TIMUR,2,0,0,2,4,0,1,6,0,0,1,2,1,1,1,1,0,0
JAKARTA PUSAT,CEMPAKA PUTIH,CEMPAKA PUTIH BARAT,2,0,0,7,2,0,0,0,0,0,1,1,1,1,1,1,0,0
JAKARTA PUSAT,KEMAYORAN,HARAPAN MULIA,1,1666,0,2,3,0,0,0,0,1,1,2,1,1,1,1,0,0
JAKARTA PUSAT,KEMAYORAN,CEMPAKA BARU,2,0,0,7,1,0,0,0,0,0,1,2,1,1,1,1,0,0
JAKARTA PUSAT,KEMAYORAN,SUMUR BATU,2,0,0,8,1,0,0,0,0,0,1,1,1,1,1,1,0,1
JAKARTA PUSAT,KEMAYORAN,SERDANG,1,269,0,6,2,0,0,1,0,0,1,1,1,2,1,1,0,0
JAKARTA PUSAT,KEMAYORAN,UTAN PANJANG,1,500,20,2,4,0,0,0,0,0,1,2,1,1,1,1,0,0
JAKARTA PUSAT,KEMAYORAN,KEBON KOSONG,1,500,0,10,2,0,0,1,0,0,1,2,1,1,1,1,0,0
JAKARTA PUSAT,KEMAYORAN,KEMAYORAN,1,227,0,8,1,0,0,0,0,0,1,1,1,1,1,1,0,0
JAKARTA PUSAT,KEMAYORAN,GUNUNG SAHARI SELATAN,2,0,0,1,9,0,0,1,0,0,1,2,1,1,1,1,0,0
JAKARTA PUSAT,SAWAH BESAR,PASAR BARU,2,0,0,5,5,0,2,0,0,1,1,2,1,1,1,1,0,0
JAKARTA PUSAT,SAWAH BESAR,GUNUNG SAHARI UTARA,1,200,0,1,5,0,1,0,0,1,1,2,1,1,1,1,0,0
JAKARTA PUSAT,SAWAH BESAR,KARTINI,2,0,0,1,1,0,0,0,0,1,1,2,2,2,1,1,0,0
JAKARTA PUSAT,SAWAH BESAR,KARANG ANYAR,1,150,0,8,1,0,2,1,0,1,1,2,2,1,1,1,0,0
JAKARTA PUSAT,SAWAH BESAR,MANGGA DUA SELATAN,1,250,0,2,3,0,0,4,1,0,1,2,1,1,1,1,0,0
JAKARTA PUSAT,GAMBIR,CIDENG,1,574,0,6,1,0,0,1,0,0,1,2,1,1,1,1,0,0
JAKARTA PUSAT,GAMBIR,PETOJO SELATAN,1,10,10,3,0,0,0,1,0,1,1,2,1,1,1,1,0,0
JAKARTA PUSAT,GAMBIR,GAMBIR,1,15,0,1,0,0,0,1,0,0,1,2,1,2,1,1,0,0
JAKARTA PUSAT,GAMBIR,KEBON KELAPA,2,0,0,1,2,0,0,0,0,0,1,1,2,1,1,1,0,0
JAKARTA PUSAT,GAMBIR,PETOJO UTARA,1,2342,0,5,5,0,0,0,0,0,2,1,1,2,1,1,0,0
JAKARTA PUSAT,GAMBIR,DURI PULO,1,40,0,8,2,0,0,0,0,0,1,1,1,1,1,1,0,0
JAKARTA BARAT,KEMBANGAN,JOGLO,2,0,0,7,5,0,4,0,0,0,1,2,1,1,1,1,0,0
JAKARTA BARAT,KEMBANGAN,SRENGSENG,2,0,0,5,7,0,4,0,0,0,1,2,1,1,1,1,0,0
JAKARTA BARAT,KEMBANGAN,MERUYA SELATAN,2,0,0,4,3,1,1,0,0,0,1,1,1,1,1,1,0,0
JAKARTA BARAT,KEMBANGAN,MERUYA UTARA,2,0,0,9,10,0,2,1,0,0,1,2,1,1,1,1,0,0
JAKARTA BARAT,KEMBANGAN,KEMBANGAN SELATAN,2,0,500,2,5,0,2,1,0,0,1,1,1,1,1,1,0,0
JAKARTA BARAT,KEMBANGAN,KEMBANGAN UTARA,2,0,70,8,3,0,4,0,0,1,1,2,1,1,1,1,0,0
JAKARTA BARAT,KEBON JERUK,SUKABUMI SELATAN,2,0,530,4,6,0,2,1,0,0,0,0,1,1,1,1,0,0
JAKARTA BARAT,KEBON JERUK,SUKABUMI UTARA,2,0,0,6,1,0,2,0,0,0,0,0,1,1,1,1,0,0
JAKARTA BARAT,KEBON JERUK,KELAPA DUA,2,0,0,4,0,0,0,1,0,0,0,0,1,1,1,1,0,0
JAKARTA BARAT,KEBON JERUK,KEBON JERUK,2,0,32,9,6,0,4,1,0,1,1,2,1,1,1,1,0,0
JAKARTA BARAT,KEBON JERUK,DURI KEPA,1,20,0,8,6,0,3,1,0,0,1,2,1,1,1,1,0,0
JAKARTA BARAT,KEBON JERUK,KEDOYA SELATAN,2,0,120,2,4,0,3,1,0,0,1,2,1,2,1,1,0,0
JAKARTA BARAT,KEBON JERUK,KEDOYA UTARA,1,53,236,4,5,0,3,1,0,0,1,2,1,1,1,1,0,0
JAKARTA BARAT,PALMERAH,PALMERAH,1,206,0,14,3,0,4,1,0,1,1,2,1,1,1,1,1,0
JAKARTA BARAT,PALMERAH,SLIPI,2,0,0,4,2,0,1,2,0,0,1,1,2,2,1,1,0,0
JAKARTA BARAT,PALMERAH,KEMANGGISAN,2,0,0,9,2,0,2,0,0,0,1,1,1,1,1,1,0,0
JAKARTA BARAT,PALMERAH,KOTA BAMBU UTARA,1,778,0,2,3,0,1,1,0,0,1,2,1,1,1,1,0,0
JAKARTA BARAT,PALMERAH,KOTA BAMBU SELATAN,1,291,0,3,0,0,1,1,0,0,1,1,1,1,1,1,0,0
JAKARTA BARAT,PALMERAH,JATI PULO,1,15,0,6,2,0,0,0,0,0,1,2,2,1,1,1,1,0
JAKARTA BARAT,GROGOL PETAMBURAN,TANJUNG DUREN UTARA,1,150,0,3,3,0,0,1,0,0,1,1,1,2,1,1,0,0
JAKARTA BARAT,GROGOL PETAMBURAN,TANJUNG DUREN SELATAN,1,231,0,2,1,0,1,0,0,0,1,2,1,1,1,1,0,0
JAKARTA BARAT,GROGOL PETAMBURAN,TOMANG,1,200,0,4,3,0,0,2,0,0,1,1,2,2,1,1,0,0
JAKARTA BARAT,GROGOL PETAMBURAN,GROGOL,1,63,0,3,3,0,0,0,0,0,1,1,2,2,1,1,0,0
JAKARTA BARAT,GROGOL PETAMBURAN,JELAMBAR,2,0,0,4,6,0,1,1,0,0,1,1,1,1,1,1,0,0
JAKARTA BARAT,GROGOL PETAMBURAN,WIJAYA KUSUMA,1,82,0,4,4,0,1,0,0,1,1,1,2,2,1,1,0,0
JAKARTA BARAT,GROGOL PETAMBURAN,JELAMBAR BARU,1,75,0,5,5,0,0,0,0,0,1,1,1,2,1,1,0,0
JAKARTA BARAT,TAMBORA,KALI ANYAR,1,45,0,2,3,0,2,0,0,0,2,1,2,2,1,1,0,0
JAKARTA BARAT,TAMBORA,DURI SELATAN,1,415,0,0,3,0,0,0,0,0,0,0,1,1,1,1,0,0
JAKARTA BARAT,TAMBORA,TANAH SEREAL,2,0,0,3,5,0,1,0,0,0,0,0,1,1,1,1,0,0
JAKARTA BARAT,TAMBORA,DURI UTARA,2,0,0,6,6,0,0,0,0,0,1,2,1,1,1,1,0,0
JAKARTA BARAT,TAMBORA,KERENDANG,1,60,0,0,2,0,2,0,0,1,1,2,1,1,1,1,0,0
JAKARTA BARAT,TAMBORA,JEMBATAN BESI,2,0,0,4,3,0,2,0,0,0,1,1,2,2,1,1,0,0
JAKARTA BARAT,TAMBORA,ANGKE,1,1229,0,4,6,0,2,0,0,0,1,2,1,1,1,1,0,0
JAKARTA BARAT,TAMBORA,JEMBATAN LIMA,1,612,0,2,4,0,2,0,0,0,0,0,1,2,1,1,0,0
JAKARTA BARAT,TAMBORA,TAMBORA,2,0,0,3,1,0,1,0,0,0,2,1,1,1,1,1,0,0
JAKARTA BARAT,TAMBORA,ROA MALAKA,2,0,0,0,1,0,0,0,0,0,0,0,1,1,1,1,0,0
JAKARTA BARAT,TAMBORA,PEKOJAN,1,225,0,3,1,0,1,0,0,0,0,0,2,2,1,1,0,0
JAKARTA BARAT,TAMAN SARI,KRUKUT,1,1024,0,2,1,0,0,0,0,0,0,0,1,1,1,1,0,0
JAKARTA BARAT,TAMAN SARI,MAPHAR,2,0,0,1,0,0,0,0,0,0,1,1,1,2,1,1,0,0
JAKARTA BARAT,TAMAN SARI,TAMAN SARI,2,0,0,6,1,0,0,0,0,0,0,0,1,1,1,1,0,0
JAKARTA BARAT,TAMAN SARI,TANGKI,2,0,0,0,5,0,1,0,0,0,0,0,1,1,1,1,0,0
JAKARTA BARAT,TAMAN SARI,MANGGA BESAR,1,125,0,6,1,0,1,1,0,1,1,2,2,2,1,1,0,0
JAKARTA BARAT,TAMAN SARI,KEAGUNGAN,2,0,0,3,2,0,0,0,0,0,1,2,1,1,1,1,0,0
JAKARTA BARAT,TAMAN SARI,GLODOK,2,0,0,0,3,0,0,0,0,0,0,0,2,2,1,1,0,0
JAKARTA BARAT,TAMAN SARI,PINANGSIA,1,699,0,3,1,0,0,0,0,0,1,2,1,1,1,1,0,0
JAKARTA BARAT,CENGKARENG,DURI KOSAMBI,2,0,6646,9,6,0,6,0,0,0,1,1,1,1,1,1,0,0
JAKARTA BARAT,CENGKARENG,RAWA BUAYA,2,0,0,6,8,0,4,0,0,0,1,1,1,1,1,1,0,0
JAKARTA BARAT,CENGKARENG,KEDAUNG KALI ANGKE,2,0,0,12,1,0,1,0,0,0,1,2,1,1,1,1,0,0
JAKARTA BARAT,CENGKARENG,KAPUK,1,50,5000,16,14,0,11,0,0,0,1,1,1,1,1,1,1,0
JAKARTA BARAT,CENGKARENG,CENGKARENG TIMUR,2,0,0,18,8,1,2,2,0,0,1,2,2,1,1,1,0,0
JAKARTA BARAT,CENGKARENG,CENGKARENG BARAT,1,100,0,14,9,0,2,0,0,1,1,2,1,1,1,1,0,0
JAKARTA BARAT,KALI DERES,SEMANAN,1,84,0,14,5,0,4,0,0,0,0,0,2,1,1,1,0,0
JAKARTA BARAT,KALI DERES,KALIDERES,1,214,0,11,11,0,3,4,0,0,1,2,1,1,1,1,0,0
JAKARTA BARAT,KALI DERES,PEGADUNGAN,1,215,50,11,17,1,6,2,0,1,1,1,1,2,1,1,0,0
JAKARTA BARAT,KALI DERES,TEGAL ALUR,1,550,1000,18,8,0,5,0,0,0,1,1,1,1,1,1,0,0
JAKARTA BARAT,KALI DERES,KAMAL,1,195,300,8,4,1,9,0,0,0,1,1,1,1,1,1,0,0
JAKARTA UTARA,PENJARINGAN,KAMAL MUARA,2,0,85,1,0,0,1,1,0,1,1,2,1,1,1,1,0,0
JAKARTA UTARA,PENJARINGAN,KAPUK MUARA,2,0,0,2,5,0,2,1,0,1,2,1,1,1,1,1,1,0
JAKARTA UTARA,PENJARINGAN,PEJAGALAN,1,2,0,4,12,0,2,2,0,1,1,2,1,1,1,1,0,0
JAKARTA UTARA,PENJARINGAN,PENJARINGAN,1,900,0,5,7,0,3,2,0,2,1,2,2,1,1,1,0,0
JAKARTA UTARA,PENJARINGAN,PLUIT,2,0,0,2,8,0,1,0,0,0,1,1,1,2,1,1,0,0
JAKARTA UTARA,PADEMANGAN,PADEMANGAN BARAT,2,0,0,6,5,0,2,1,0,2,1,1,1,1,1,1,0,0
JAKARTA UTARA,PADEMANGAN,PADEMANGAN TIMUR,1,386,0,4,3,0,0,0,0,1,1,2,1,1,1,1,0,0
JAKARTA UTARA,PADEMANGAN,ANCOL,1,1995,0,2,3,0,0,0,0,0,1,1,1,1,1,1,0,0
JAKARTA UTARA,TANJUNG PRIOK,SUNTER AGUNG,1,329,0,8,12,0,3,2,0,0,1,2,1,1,1,1,0,0
JAKARTA UTARA,TANJUNG PRIOK,SUNTER JAYA,2,0,0,5,6,0,1,0,0,0,1,1,1,1,1,1,0,0
JAKARTA UTARA,TANJUNG PRIOK,PAPANGGO,1,740,0,2,6,0,1,1,0,1,1,2,1,1,1,1,0,0
JAKARTA UTARA,TANJUNG PRIOK,WARAKAS,2,0,0,4,7,0,1,0,0,0,0,0,1,1,1,1,0,0
JAKARTA UTARA,TANJUNG PRIOK,SUNGAI BAMBU,2,0,0,3,8,0,1,2,0,0,2,1,1,1,1,1,0,0
JAKARTA UTARA,TANJUNG PRIOK,KEBON BAWANG,1,65,13,7,5,0,2,2,0,0,1,2,1,1,1,1,0,0
JAKARTA UTARA,TANJUNG PRIOK,TANJUNG PRIOK,2,0,0,4,9,0,3,2,0,0,1,2,1,1,1,1,0,0
JAKARTA UTARA,KOJA,RAWA BADAK SELATAN,1,1308,0,6,5,1,1,0,0,0,1,1,1,1,1,1,0,0
JAKARTA UTARA,KOJA,TUGU SELATAN,1,3924,0,2,2,0,1,0,0,0,1,1,1,1,1,1,0,0
JAKARTA UTARA,KOJA,TUGU UTARA,1,27,0,13,4,0,3,3,0,0,1,2,1,1,1,1,0,0
JAKARTA UTARA,KOJA,LAGOA,1,59,0,6,6,0,4,0,0,0,1,2,1,1,1,1,0,0
JAKARTA UTARA,KOJA,RAWA BADAK UTARA,1,1559,0,24,3,0,3,0,0,0,1,2,1,1,1,1,0,0
JAKARTA UTARA,KOJA,KOJA,1,15,0,0,5,0,1,1,0,0,1,2,1,1,1,1,0,0
JAKARTA UTARA,KELAPA GADING,KELAPA GADING BARAT,1,362,3,1,14,0,0,1,0,1,1,1,2,2,1,1,0,0
JAKARTA UTARA,KELAPA GADING,KELAPA GADING TIMUR,2,0,0,2,2,0,0,0,0,0,1,1,2,1,1,1,0,0
JAKARTA UTARA,KELAPA GADING,PEGANGSAAN DUA,2,0,0,5,12,0,1,1,0,1,1,1,1,1,1,1,0,0
JAKARTA UTARA,CILINCING,SUKAPURA,1,3,0,4,5,0,0,2,0,0,1,2,1,1,1,1,0,0
JAKARTA UTARA,CILINCING,ROROTAN,2,0,0,4,3,1,7,0,0,0,1,2,1,1,1,1,0,0
JAKARTA UTARA,CILINCING,MARUNDA,1,50,50,3,5,1,1,0,0,0,1,1,1,1,1,1,0,0
JAKARTA UTARA,CILINCING,CILINCING,1,419,800,8,5,0,2,0,0,1,1,2,1,1,1,1,1,0
JAKARTA UTARA,CILINCING,SEMPER TIMUR,1,3838,43,4,11,0,1,1,0,0,0,0,1,1,1,1,0,0
JAKARTA UTARA,CILINCING,SEMPER BARAT,1,80,0,8,8,0,0,0,0,0,1,2,1,1,1,3,0,0
JAKARTA UTARA,CILINCING,KALIBARU,1,7466,0,5,6,0,11,0,0,1,2,1,1,1,1,1,0,0
